{
  "/PRESET": {"value": 4},
  "/COLOR_HUE_FROM": {
    "min": 0,
    "max": 255,
    "value": 30.600000381469727
  },
  "/CHANCE_TURN": {
    "min": 0,
    "max": 50,
    "value": 35.975608825683594
  },
  "/COLOR_SAT_TO": {
    "min": 0,
    "max": 255,
    "value": 255
  },
  "/STEP": {
    "min": 1,
    "max": 10,
    "value": 6.89939022064209
  },
  "/COLOR_SAT_FROM": {
    "min": 0,
    "max": 255,
    "value": 255
  },
  "/MAXDEPTH": {
    "min": 1,
    "max": 100,
    "value": 55.329261779785156
  },
  "/COLOR_BRT_TO": {
    "min": 0,
    "max": 255,
    "value": 255
  },
  "/MODE": {"value": 0},
  "/ANGLE": {
    "min": 1,
    "max": 90,
    "value": 84.8445053100586
  },
  "/COLOR_HUE_TO": {
    "min": 0,
    "max": 255,
    "value": 223.3800048828125
  },
  "/CHANCE_RIGHT_LEFT": {
    "min": 0,
    "max": 50,
    "value": 14.634145736694336
  },
  "/COLOR_BRT_FROM": {
    "min": 0,
    "max": 255,
    "value": 255
  },
  "/MAXTRIES": {
    "min": 1,
    "max": 50,
    "value": 5.929877758026123
  },
  "/ANGELCHANGE": {
    "min": 0.5,
    "max": 5,
    "value": 2.942072868347168
  },
  "/SCALE": {
    "min": 1,
    "max": 10,
    "value": 1
  }
}